31,Name,Part number,Drawing In Progress,File Sent  APPROVED!! (Ready To Manufacture),Link,Manufactured,Material,Mass,Vendor,Part Quantity,Order Quantity,Bought,Order Date,
52,Kraken X60 PowerPole Adapter Board,WCP-1380,,FALSE,,FALSE,- None -,0.044 lb,West Coast Products,7,,TRUE,,
218,"16t x 9mm Wide Double Flange Aluminum Pulley (GT2 3mm, 8mm SplineXS Bore) (WCP-1178)",WCP-1178,FALSE,TRUE,,FALSE,6061-T6 Aluminum,0.011 lb,,1,2,TRUE,1/29/25,
,12t HTD splinexs pulley,WCP-1017,FALSE,FALSE,,,,,,1,2,TRUE,1/29/25,
146,"14t Steel Spur Gear (20 DP, 8mm SplineXS Bore) (WCP-1013)",WCP-1013,FALSE,FALSE,,FALSE,- None -,0.065 lb,,1,2,TRUE,1/29/25,
50,"12t Steel Spur Gear (20 DP, 8mm SplineXS Bore) (WCP-1010)",WCP-1010,FALSE,FALSE,,FALSE,- None -,0.047 lb,,3,6,TRUE,1/29/25,
80,"Spur Gear (12T, 20DP, Kraken Pinion Motor, Steel)",WCP-1010,FALSE,FALSE,,FALSE,Steel,0.045 lb,VEX Robotics,1,2,TRUE,1/29/25,
262,"10t Steel Spur Gear (20 DP, 12t Center Distance, 8mm SplineXS Bore) (WCP-1008)",WCP-1008,FALSE,FALSE,,FALSE,- None -,0.039 lb,,1,2,TRUE,1/29/25,
181,"8t Steel Spur Gear (20 DP, 10t Center Distance, 8mm SplineXS Bore) (WCP-1006)",WCP-1006,FALSE,FALSE,,FALSE,- None -,0.019 lb,,1,2,TRUE,1/29/25,
248,"36t 9mm Wide 1/2"" Hex Bore Double Flange 5mm HTD Aluminum Pulley (217-3231)",WCP-0990,FALSE,FALSE,,FALSE,Aluminum - 6061,0.126 lb,VEX Robotics,2,4,TRUE,1/29/25,
154,"36t Aluminum Plate Sprocket (#35 Chain, SplineXL Bore) (WCP-0983)",WCP-0983,FALSE,FALSE,,FALSE,- None -,0.212 lb,,1,2,TRUE,1/29/25,
267,"30t Aluminum Plate Sprocket (#35 Chain, SplineXL Bore) (WCP-0982)",WCP-0982,FALSE,FALSE,,FALSE,- None -,0.138 lb,,1,2,TRUE,1/29/25,
179,"9t Steel Double Hub Sprocket (#35 Chain, 1/2"" Rounded Hex Bore) (WCP-0976)",WCP-0976,FALSE,FALSE,,FALSE,Steel,0.045 lb,,1,2,TRUE,1/29/25,
228,"36t Aluminum Plate Sprocket (#25 Chain, SplineXL Bore)",WCP-0966,FALSE,FALSE,,FALSE,- None -,0.055 lb,,2,4,TRUE,1/29/25,
161,"2"" 1/2"" Hex Acetal Spacer (217-3265)",WCP-0961,FALSE,FALSE,https://wcproducts.com/products/plastic-washers,FALSE,Acetal (Delrin),0.023 lb,,5,10,TRUE,,
83,"1/2"" LG 3/8"" Hex Acetal Spacer",WCP-0959,FALSE,FALSE,,FALSE,Acetal (Delrin),0.004 lb,,1,2,TRUE,1/29/25,
51,Kraken X60 Brushless Motor,WCP-0940,,FALSE,,FALSE,- None -,1.2 lb,West Coast Products,8,,TRUE,,
88,WCP Cam (217-3431),WCP-0882,FALSE,FALSE,,FALSE,Steel,0.039 lb,VEX Robotics,2,4,TRUE,1/29/25,
257,"1"" 1/2"" Hex Acetal Spacer (217-3263)",WCP-0791,FALSE,FALSE,https://wcproducts.com/products/plastic-washers,FALSE,Acetal (Delrin),0.012 lb,,4,8,TRUE,,
142,"1/2"" 1/2"" Hex Acetal Spacer (217-3261)",WCP-0790,FALSE,FALSE,https://wcproducts.com/products/plastic-washers,FALSE,Acetal (Delrin),0.006 lb,,4,8,TRUE,,
145,"1/4"" 1/2"" Hex Acetal Spacer (217-3259)",WCP-0789,FALSE,FALSE,https://wcproducts.com/products/plastic-washers,FALSE,Acetal (Delrin),0.003 lb,,11,22,TRUE,,
235,"1/8"" 1/2"" Hex Acetal Spacer (217-2758)",WCP-0788,FALSE,FALSE,https://wcproducts.com/products/plastic-washers,FALSE,Acetal (Delrin),0.001 lb,,8,16,TRUE,,
81,"1/2"" ThunderHex x 1-1/8"" OD (Flanged)",WCP-0785,FALSE,FALSE,,FALSE,217-4006,0.05 lb,Vex Robotics,4,8,TRUE,1/29/25,
141,Thunderhex ID 1.125 OD Flanged Bearing (217-4006),WCP-0785,FALSE,FALSE,,FALSE,thunderhex flanged,0.05 lb,VEX Robotics,8,16,TRUE,1/29/25,
29,".5"" Hex ID 1.125"" OD Flanged Bearing (217-2734)",WCP-0783,FALSE,FALSE,Ball Bearings,FALSE,0.5 hex x 1.125 flanged,0.052 lb,Vex Robotics,6,12,TRUE,,
178,".5"" Round ID 1.125"" OD Flanged Bearing (217-2731)",WCP-0781,FALSE,FALSE,,FALSE,0.5 x 1.125 flanged,0.058 lb,VEX Robotics,24,48,TRUE,1/29/25,
225,".375"" Round ID .875"" OD Flanged Bearing (217-2733)",WCP-0779,FALSE,FALSE,,FALSE,.375 x .875 flanged,0.031 lb,VEX Robotics,2,4,TRUE,1/29/25,
243,"34t 20dp Aluminum 1/2"" Hex Bore Gear (217-2706)",WCP-0708,FALSE,FALSE,,FALSE,Aluminum - 7075,0.079 lb,Vex Robotics,2,4,TRUE,1/29/25,
180,"30t 20dp Aluminum 1/2"" Hex Bore Gear (217-2705)",WCP-0706,FALSE,FALSE,,FALSE,Aluminum - 7075,0.06 lb,Vex Robotics,1,2,TRUE,1/29/25,
184,"28t 20dp Aluminum 1/2"" Hex Bore Gear (217-5467)",WCP-0705,FALSE,FALSE,,FALSE,Aluminum - 7075,0.063 lb,Vex Robotics,2,4,TRUE,1/29/25,
82,"Spur Gear (24T, 20DP, 1/2"" Hex Bore)",WCP-0703,FALSE,FALSE,,FALSE,Aluminum - 7075,0.043 lb,VEX Robotics,1,2,TRUE,1/29/25,
144,"24t 20dp Aluminum 1/2"" Hex Bore Gear (217-2704)",WCP-0703,FALSE,FALSE,,FALSE,Aluminum - 7075,0.041 lb,Vex Robotics,1,2,TRUE,1/29/25,
,95t 9mm WD 5mm HTD,WCP-0624,FALSE,FALSE,,,,,,1,2,TRUE,1/29/25,
252,65t 5mm Belt,WCP-0618,FALSE,FALSE,,FALSE,Timing Belt,0.034 lb,,2,4,TRUE,1/29/25,
253,65t 5mm Belt,WCP-0618,FALSE,FALSE,,FALSE,Timing Belt,0.034 lb,,2,4,TRUE,1/29/25,
231,"12t 1/2"" Rounded Hex Bore Hub 25 Chain Sprocket (WCP-0576)",WCP-0576,FALSE,FALSE,,FALSE,Steel,0.026 lb,,2,4,TRUE,1/29/25,
250,"18t 9mm Wide 1/2"" Hex Bore Double Flange 5mm HTD Aluminum Pulley (217-3225)",WCP-0563,FALSE,FALSE,,FALSE,Aluminum - 6061,0.035 lb,VEX Robotics,6,12,TRUE,1/29/25,
20,"1"" x 1"" Tube Plug .125"" Wall, #10-32 Tapped (WCP-0376)",WCP-0376,FALSE,FALSE,,FALSE,Aluminum - 6061,0.035 lb,West Coast Products,7,14,TRUE,1/29/25,
40,"1"" LG .196"" ID .375"" OD Aluminum Spacer",WCP-0204,FALSE,FALSE,,FALSE,Aluminum - 6061,0.008 lb,,18,36,TRUE,1/29/25,
49,"70t 20dp Aluminum 1/2"" Hex Bore Pocketed Gear (WCP-0144)",WCP-0144,FALSE,FALSE,,FALSE,Aluminum - 7075,0.141 lb,,1,2,TRUE,1/29/25,
84,"68t 20dp Aluminum 1/2"" Hex Bore Pocketed Gear (WCP-0143)",WCP-0143,FALSE,FALSE,,FALSE,Aluminum - 7075,0.129 lb,,1,2,TRUE,1/29/25,
233,"64t 20dp Aluminum 1/2"" Hex Bore Pocketed Gear (WCP-0122)",WCP-0122,FALSE,FALSE,,FALSE,Aluminum - 7075,0.117 lb,West Coast Products,1,2,TRUE,1/29/25,
100,"60t 20dp Aluminum 1/2"" Hex Bore Pocketed Gear (WCP-0121)",WCP-0121,FALSE,FALSE,,FALSE,Aluminum - 7075,0.106 lb,West Coast Products,2,4,TRUE,1/29/25,
203,"54t 20dp Aluminum 1/2"" Hex Bore Pocketed Gear (WCP-0120)",WCP-0120,FALSE,FALSE,,FALSE,Aluminum - 7075,0.09 lb,West Coast Products,1,2,TRUE,1/29/25,
202,"40t 20dp Aluminum 1/2"" Hex Bore Pocketed Gear (WCP-0116)",WCP-0116,FALSE,TRUE,,FALSE,Aluminum - 7075,0.058 lb,West Coast Products,1,2,TRUE,1/29/25,
55,Robot Radio (VH-109),VH-109 / WCP-1538,,FALSE,,FALSE,- None -,0.4 lb,West Coast Products,1,,TRUE,,
259,T81P-39 Bane Bot s,,FALSE,FALSE,https://banebots.com/banebots--3-7-8-x-0-8-hub-mount-40a-orange/,FALSE,- None -,0.219 lb,,4,,TRUE,,
151,#10-32 Shaft End Screw (REV-21-2056),REV-21-2056-PK10,FALSE,FALSE,#10-32 Shaft End Screws,FALSE,Hardened Alloy Steel,0.007 lb,,1,,FALSE,,
24,40A ATO Auto-Resetting Breaker,REV-11-1863,,FALSE,,FALSE,- None -,0.01 lb,REV Robotics,20,,TRUE,,
23,Power Distribution Hub (PDH),REV-11-1850,,FALSE,,FALSE,- None -,1.14 lb,REV Robotics,1,,TRUE,,
115,Shaft BARB,gavin,FALSE,FALSE,,FALSE,Aluminum - 7075,0.036 lb,,1,,FALSE,1/29/25,
78,"Tube 1""x1""x14.554""",David,FALSE,FALSE,,FALSE,6061-T6,0.21 lb,,1,,FALSE,1/29/25,
105,Front Cover,CAMERA,FALSE,TRUE,,FALSE,3D Printed ONYX,0.151 lb,,1,,FALSE,,
27,Robot Signal Light (RSL),am-3583,,FALSE,,FALSE,- None -,0.108 lb,AndyMark,1,,TRUE,,
59,roboRIO 2.0,am-3000a,,FALSE,,FALSE,- None -,0.728 lb,AndyMark,1,,TRUE,,
44,Viair 90C Compressor,am-2005,FALSE,FALSE,"Viair 90C Air Compressor - AndyMark, Inc",FALSE,- None -,2.4 lb,,1,,FALSE,,
37,Anderson SB50 Connector,am-0546,,FALSE,,FALSE,Polycarbonate,0.052 lb,AndyMark,1,,TRUE,,
28,120A Main Breaker,am-0282,,FALSE,,FALSE,- None -,0.24 lb,AndyMark,1,,TRUE,,
210,Socket button head cap screw 1/4-20 x 2.5,97763A350,FALSE,FALSE,18-8 Stainless Steel Button Head Hex Drive Screws,FALSE,Stainless Steel,0.038 lb,,8,,FALSE,,
94,Socket button head cap screw 1/4-20 x 1.5,97763A348,FALSE,FALSE,"18-8 Stainless Steel Button Head Hex Drive Screws, Black-Oxide, 1/4""-20 Thread Size, 1-1/2"" Long | McMaster-Carr",FALSE,Stainless Steel,0.024 lb,,8,,FALSE,,
101,Socket button head cap screw 1/4-20 x 1.25,97763A347,FALSE,FALSE,"18-8 Stainless Steel Button Head Hex Drive Screws, Black-Oxide, 1/4""-20 Thread Size, 1-1/4"" Long | McMaster-Carr",FALSE,Stainless Steel,0.021 lb,,4,,FALSE,,
91,Socket button head cap screw #10-32 x 1,97763A342,FALSE,FALSE,"18-8 Stainless Steel Button Head Hex Drive Screws, Black-Oxide, 10-32 Thread Size, 1"" Long | McMaster-Carr",FALSE,Stainless Steel,0.01 lb,,12,,FALSE,,
99,Socket button head cap screw #10-32 x 0.75,97763A341,FALSE,FALSE,"18-8 Stainless Steel Button Head Hex Drive Screws, Black-Oxide, 10-32 Thread Size, 3/4"" Long | McMaster-Carr",FALSE,Stainless Steel,0.008 lb,,7,,FALSE,,
150,Socket button head cap screw 1/4-20 x 0.625,97763A264,FALSE,FALSE,"18-8 Stainless Steel Button Head Hex Drive Screws, Black-Oxide, 1/4""-20 Thread Size, 5/8"" Long | McMaster-Carr",FALSE,Stainless Steel,0.012 lb,,4,,FALSE,,
149,Socket button head cap screw 1/4-20 x 0.375,97763A262,FALSE,FALSE,"18-8 Stainless Steel Button Head Hex Drive Screws, Black-Oxide, 1/4""-20 Thread Size, 3/8"" Long | McMaster-Carr",FALSE,Stainless Steel,0.009 lb,,8,,FALSE,,
90,Socket button head cap screw #10-32 x 1.25,97763A233,FALSE,FALSE,"18-8 Stainless Steel Button Head Hex Drive Screws, Black-Oxide, 10-32 Thread, 1-1/4"" Long | McMaster-Carr",FALSE,Stainless Steel,0.012 lb,,3,7,FALSE,,
152,Socket button head cap screw #10-32 x 1.25,97763A233,TRUE,FALSE,"18-8 Stainless Steel Button Head Hex Drive Screws, Black-Oxide, 10-32 Thread, 1-1/4"" Long | McMaster-Carr",FALSE,Stainless Steel,0.012 lb,,4,Duplicate,FALSE,,
21,Socket button head cap screw #10-32 x 0.5,97763A232,FALSE,FALSE,"18-8 Stainless Steel Button Head Hex Drive Screws, Black-Oxide, 10-32 Thread Size, 1/2"" Long | McMaster-Carr",FALSE,Stainless Steel,0.006 lb,,71,,FALSE,,
104,Socket button head cap screw #10-32 x 0.375,97763A231,FALSE,FALSE,"18-8 Stainless Steel Button Head Hex Drive Screws, Black-Oxide, 10-32 Thread Size, 3/8"" Long | McMaster-Carr",FALSE,Stainless Steel,0.005 lb,,2,6,FALSE,,
223,Socket button head cap screw #10-32 x 0.375,97763A231,FALSE,FALSE,https://www.mcmaster.com/97763A231/,FALSE,Stainless Steel 18-8,0.005 lb,,4,Duplicate,FALSE,,
85,"1/2"" Snap Ring (97633A200)",97633A200,FALSE,FALSE,"External Retaining Ring, for 1/2"" OD, Black-Phosphate 1060-1090 Spring Steel | McMaster-Carr",FALSE,Steel 4130,0.001 lb,,22,,FALSE,,
41,Rivet (.125-.25 Grip Range) White,97526A140,FALSE,FALSE,https://www.mcmaster.com/97526a140/,FALSE,Aluminum - 6061,0.001 lb,,82,,FALSE,,
42,Rivet  Black,97526A140,FALSE,FALSE,https://www.mcmaster.com/97526a140/,FALSE,Aluminum - 6061,0.002 lb,,64,,FALSE,,
269,Type A flat washer 1/4,96659A106,FALSE,FALSE,18-8 Stainless Steel SAE Washer,FALSE,Stainless Steel,0.006 lb,,2,,FALSE,,
176,hex_.5_13_1.25,95462A033,FALSE,FALSE,Medium-Strength Steel Hex Nut,FALSE,Carbon Steel,0.116 lb,,1,,FALSE,,
221,94615A117_Brass Flanged Screw-to-Expand Inserts,94615A117,FALSE,FALSE,Brass Flanged Screw-to-Expand Inserts for Plastic,FALSE,Brass,0.009 lb,,2,,FALSE,,
220,94615A115_Brass Flanged Screw-to-Expand Inserts,94615A115,FALSE,FALSE,Brass Flanged Screw-to-Expand Inserts for Plastic,FALSE,Brass,0.003 lb,,4,,FALSE,,Grabbing Already Made Snapring
227,94328A962_Black Oxide Alloy Steel Low-Profile Shoulder Screw,94328A962,FALSE,FALSE,Black Oxide Alloy Steel Low-Profile Shoulder Screw,FALSE,Steel,0.031 lb,,2,,FALSE,,
60,94290A571_Tube-Connecting Nut,94290A571,FALSE,FALSE,"Tube-Connecting Nut, for 1.12"" to 1.15"" Tube ID, 1/4""-20 Thread Size | McMaster-Carr",FALSE,Steel,0.02 lb,,4,,FALSE,,
162,Flanged Socket button head cap screw #10-32 x 0.25,91355A171,FALSE,FALSE,https://www.mcmaster.com/91355A171/,FALSE,Stainless Steel,0.003 lb,,2,,FALSE,,
273,91355A171_Black-Oxide Alloy Steel Flanged Button Head Screw,91355A171,FALSE,FALSE,https://www.mcmaster.com/91355A171/,FALSE,Steel,0.003 lb,,44,,FALSE,,
95,Socket button head cap screw #10-32 x 2.25,91255A815,FALSE,FALSE,"Button Head Hex Drive Screw, Black-Oxide Alloy Steel, 10-32 Thread, 2-1/4"" Long | McMaster-Carr",FALSE,Stainless Steel,0.02 lb,,4,5,FALSE,,
116,Socket button head cap screw #10-32 x 2.25,91255A815,FALSE,FALSE,"Button Head Hex Drive Screw, Black-Oxide Alloy Steel, 10-32 Thread, 2-1/4"" Long | McMaster-Carr",FALSE,Steel Class 8.8,0.02 lb,,1,Duplicate,FALSE,,
53,Socket button head cap screw 1/4-20 x 0.5,91255A537,FALSE,FALSE,"Button Head Hex Drive Screw, Black-Oxide Alloy Steel, 1/4""-20 Thread, 1/2"" Long | McMaster-Carr",FALSE,Stainless Steel,0.01 lb,,16,28,FALSE,,
148,Socket button head cap screw 1/4-20 x 0.5,91255A537,FALSE,FALSE,"Button Head Hex Drive Screw, Black-Oxide Alloy Steel, 1/4""-20 Thread, 1/2"" Long | McMaster-Carr",FALSE,Stainless Steel,0.01 lb,,12,Duplicate,FALSE,,
160,Socket button head cap screw 1/4-20 x 3.5,91255A531,FALSE,FALSE,"Button Head Hex Drive Screw, Black-Oxide Alloy Steel, 1/4""-20 Thread, 3-1/2"" Long | McMaster-Carr",FALSE,Stainless Steel,0.051 lb,,4,,FALSE,,
107,Socket button head cap screw #10-32 x 2,91255A278,FALSE,FALSE,"Button Head Hex Drive Screw, Black-Oxide Alloy Steel, 10-32 Thread, 2"" Long | McMaster-Carr",FALSE,Stainless Steel,0.018 lb,,8,,FALSE,,
98,Socket button head cap screw #10-32 x 1.75,91255A276,FALSE,FALSE,"Button Head Hex Drive Screw, Black-Oxide Alloy Steel, 10-32 Thread, 1-3/4"" Long | McMaster-Carr",FALSE,Stainless Steel,0.016 lb,,7,Duplicate,FALSE,,
22,Socket button head cap screw #10-32 x 1.75,91255A276,FALSE,FALSE,https://www.mcmaster.com/91255A276/,FALSE,Stainless Steel,0.016 lb,,6,13,FALSE,,
97,Socket button head cap screw #10-32 x 1.5,91255A275,FALSE,FALSE,"Button Head Hex Drive Screw, Black-Oxide Alloy Steel, 10-32 Thread, 1-1/2"" Long | McMaster-Carr",FALSE,Stainless Steel,0.014 lb,,10,Duplicate,FALSE,,
195,Socket button head cap screw #10-32 x 3,91255A030,FALSE,FALSE,https://www.mcmaster.com/91255A030/,FALSE,Stainless Steel,0.026 lb,,3,,FALSE,,
38,Countersunk Bolt 1/4-20 x 3,91253A560,FALSE,FALSE,"Black-Oxide Alloy Steel Hex Drive Flat Head Screw, 1/4""-20 Thread Size, 3"" Long | McMaster-Carr",FALSE,Stainless Steel,0.043 lb,,2,,FALSE,,
274,Socket countersunk head cap screw #10-32 x 0.3125,91253A025,FALSE,FALSE,https://www.mcmaster.com/91253A025/,FALSE,Stainless Steel,0.003 lb,,2,,FALSE,,
89,Socket head cap screw 1/4-20 x 1.75,91251A548,FALSE,FALSE,https://www.mcmaster.com/91251a548/,FALSE,Stainless Steel,0.03 lb,,2,,FALSE,,
92,Hex jam nut 1/4,90630A110,FALSE,FALSE,"High-Strength Steel Nylon-Insert Locknut, Grade 8, 1/4""-20 Thread Size | McMaster-Carr",FALSE,Stainless Steel,0.006 lb,,2,6,FALSE,,
102,Heavy hex jam nut 1/4-20,90630A110,FALSE,FALSE,"High-Strength Steel Nylon-Insert Locknut, Grade 8, 1/4""-20 Thread Size | McMaster-Carr",FALSE,Stainless Steel,0.01 lb,,4,Duplicate,FALSE,,
86,Modified - 6793K116_Steel Machinable-Bore Sprocket,6793K116,FALSE,FALSE,"Steel Machinable-Bore Sprocket, for ANSI 35 Chain, 9 Teeth, for 3/8"" Shaft Diameter | McMaster-Carr",FALSE,Carbon Steel,0.046 lb,,1,,FALSE,,
272,6498K443_Round Body Air Cylinder,6498K443,FALSE,FALSE,https://www.mcmaster.com/6498K443/,FALSE,Pnumatic Cylinder,0.15 lb,,1,,FALSE,,
164,6391K172_Oil-Embedded Bronze Sleeve Bearing,6391K172,FALSE,FALSE,"Oil-Embedded Bronze Sleeve Bearing, for 3/8"" Shaft Diameter and 1/2"" Housing ID, 3/8"" Long | McMaster-Carr",FALSE,Bronze - lead,0.01 lb,,6,,FALSE,,
87,6338K117_Oil-Embedded 841 Bronze Flanged Sleeve Bearing,6338K117,FALSE,FALSE,"Oil-Embedded 841 Bronze Flanged Sleeve Bearing, for 5/8"" Shaft and 3/4"" Housing ID, 3/4"" Long, 1/8"" Thick Flange | McMaster-Carr",FALSE,Bronze - lead,0.039 lb,,2,,FALSE,,
266,Bushing,6338K115,FALSE,FALSE,https://www.mcmaster.com/6338K115/,FALSE,Aluminum bronze (3-10% Al),0.03 lb,,2,10,FALSE,,
217,Bushing,6338K115,FALSE,FALSE,https://www.mcmaster.com/6338K115/,FALSE,Aluminum bronze (3-10% Al),0.026 lb,,4,Duplicate (4),FALSE,,
112,Bushing,6338K115,FALSE,FALSE,https://www.mcmaster.com/6338K115/,FALSE,Aluminum bronze (3-10% Al),0.033 lb,McMaster,4,Duplicate (4),FALSE,,
207,4ft. #35 chain,6261K172,FALSE,FALSE,https://www.mcmaster.com/6261K172/,FALSE,Roller Chain,0.204 lb,,1,5ft,FALSE,,
209,2ft. #35 chain,6261K172,FALSE,FALSE,https://www.mcmaster.com/6261K172/,FALSE,Roller Chain,0.344 lb,,1,Duplicate,FALSE,,
246,"1 1/16"" Bore 5/16"" ID 5/16-24 Thread Ball Rod End (60645K331)",60645K33,FALSE,FALSE,"Ball Joint Rod End, 5/16""-24 Thread | McMaster-Carr",FALSE,Steel,0.086 lb,,1,,FALSE,,
159,IGUS 9ft,4409T26,FALSE,FALSE,"Lay-in Snap-Together Open Cable/Hose Carrier, for 0.3"" Maximum Cable OD/1.3"" Total Cable Width | McMaster-Carr",FALSE,- None -,0 lb,,9ft,,FALSE,,
43,Bushing,2934T45,FALSE,FALSE,https://www.mcmaster.com/2934T45/,FALSE,Aluminum bronze (3-10% Al),0.043 lb,McMaster,2,Duplicate (2),FALSE,,
96,Bushing,2934T45,FALSE,FALSE,https://www.mcmaster.com/2934T45/,FALSE,Aluminum bronze (3-10% Al),0.043 lb,McMaster,2,Duplicate (0),FALSE,,
26,Manifold 4 Station 217-2952,217-2952,FALSE,FALSE,"Pneumatic Cylinders, Solenoids & Manifolds - VEX Robotics",FALSE,217-2952,0.372 lb,,1,,FALSE,,
57,Pigeon 2.0,21-737785,,FALSE,,FALSE,- None -,0.067 lb,CTR Electronics,1,,TRUE,,
56,CANivore,21-678682,,FALSE,,FALSE,- None -,0.072 lb,CTR Electronics,2,,TRUE,,
30,Rio Mount (Use 30 in Main to Find ),1538-25-P-9904,FALSE,FALSE,,FALSE,Acetal (Delrin),0.031 lb,,1,,FALSE,1/29/25,
275,Sponsor Panel (Use 275 in Main to Find ),1538-25-P-9903,FALSE,FALSE,,,Polycarbonate,0.107 lb,,1,,FALSE,1/29/25,
238,Sponsor Panel (Use 238 in Main to Find ),1538-25-P-9902,FALSE,FALSE,,FALSE,Polycarbonate,0.252 lb,,1,,FALSE,1/29/25,
198,"Spacer (Configurable) 1/2"" Hex 1.81""  (Use 198 in Main to Find )",1538-25-P-9901,FALSE,FALSE,,FALSE,3D Printed,0.001 lb,,1,,FALSE,1/29/25,
36,Battery Box Clip,1538-25-P-0806,FALSE,TRUE,,FALSE,Nylon ,0.001 lb,,1,,FALSE,,
35,Battery Box Connector Plate,1538-25-P-0805,FALSE,TRUE,,TRUE,Aluminum - 6061,0.112 lb,,1,,TRUE,,
34,Battery Box Tall Standoff,1538-25-P-0804,FALSE,TRUE,,FALSE,Aluminum - 6061,0.033 lb,,2,,FALSE,,
33,Battery Box Doubler Plate,1538-25-P-0803,FALSE,TRUE,,TRUE,Aluminum - 6061,0.352 lb,,1,,TRUE,,
32,Battery Box Standoff,1538-25-P-0802,FALSE,TRUE,,FALSE,Aluminum - 6061,0.024 lb,,4,,FALSE,,
31,Battery Box Base Plate,1538-25-P-0801,FALSE,FALSE,,FALSE,Polycarbonate,0.697 lb,,1,,FALSE,,
224,Roller Tube,1538-25-P-0713,FALSE,TRUE,https://cad.onshape.com/documents/8e45018a292911f5ece76cb7/w/d1d2445993623b475b0d8237/e/cf0c48580a5aacb8ba1ba3ab,FALSE,Polycarbonate,0.201 lb,,1,,FALSE,,
222,24T HTD Pulley 9.53mm Wide(WHERE PIECE????),1538-25-P-0712,FALSE,FALSE,,FALSE,3D Printed PLA,0.086 lb,,2,,FALSE,,
237,Cross Tube,1538-25-P-0711,FALSE,TRUE,https://cad.onshape.com/documents/8e45018a292911f5ece76cb7/w/d1d2445993623b475b0d8237/e/342cea01f3986061444055da,FALSE,Aluminum - 6061,0.08 lb,,1,,FALSE,,
236,Torque Tube,1538-25-P-0710,FALSE,TRUE,https://cad.onshape.com/documents/145c42b3f0c8c6b072396609/w/b63224c75e347128ee2d9b59/e/8e6d9d0bfdb90ac4e9d26d91,FALSE,Aluminum - 6061,0.329 lb,,1,,FALSE,,
230,"1/2"" ThunderHex (2.281 in)",1538-25-P-0709,FALSE,TRUE,,TRUE,7075 Aluminum,0.045 lb,,2,,FALSE,,
219,Tube Nut,1538-25-P-0708,FALSE,TRUE,https://cad.onshape.com/documents/8e45018a292911f5ece76cb7/w/d1d2445993623b475b0d8237/e/0da6618ba165c70f41e51eb1,FALSE,Aluminum - 6061,0.407 lb,,1,,FALSE,,
229,Dougnut(DONE DON'T DO),1538-25-P-0707,FALSE,FALSE,https://cad.onshape.com/documents/8e45018a292911f5ece76cb7/w/d1d2445993623b475b0d8237/e/cf0c48580a5aacb8ba1ba3ab,FALSE,Polycarbonate,0.025 lb,,2,,FALSE,,
216,Spacer,1538-25-P-0706,FALSE,TRUE,https://cad.onshape.com/documents/8e45018a292911f5ece76cb7/w/d1d2445993623b475b0d8237/e/24be1301e4b961d3646d56bd,FALSE,Nylon ,0.002 lb,,2,,FALSE,,
212,Pivot Shaft,1538-25-P-0705,FALSE,TRUE,https://cad.onshape.com/documents/8e45018a292911f5ece76cb7/w/d1d2445993623b475b0d8237/e/ecfe66ac67cee2bcfba999b8,FALSE,Aluminum - 7075,0.057 lb,,2,,FALSE,,
214,Intake Alu,1538-25-P-0704,FALSE,FALSE,,TRUE,Aluminum - 6061,0.233 lb,,2,,FALSE,,
215,Intake PC,1538-25-P-0703,FALSE,FALSE,,TRUE,Polycarbonate,0.343 lb,,2,,FALSE,,
211,Gearbox Gusset,1538-25-P-0702,FALSE,TRUE,,TRUE,Aluminum - 6061,0.282 lb,,4,,TRUE,,
213,"Tube 2""x1""x13.835""",1538-25-P-0701,TRUE,FALSE,https://cad.onshape.com/documents/8e45018a292911f5ece76cb7/w/d1d2445993623b475b0d8237/e/8f643650deede331406def3e,FALSE,Aluminum - 6061,0.667 lb,,2,,FALSE,,
111,Climber Gusset,1538-25-P-0604,FALSE,TRUE,,TRUE,Aluminum - 6061,0.181 lb,,2,,TRUE,,
110,Top Tube(No Drawing on onshape),1538-25-P-0603,FALSE,TRUE,,FALSE,Aluminum - 6061,0.206 lb,,1,,FALSE,,
109,Billet Tube Pivot Block(No drawing on onshape),1538-25-P-0602,FALSE,TRUE,,FALSE,Aluminum - 6061,0.759 lb,,2,,FALSE,,
108,Pivot Shaft,1538-25-P-0601,FALSE,TRUE,https://cad.onshape.com/documents/ba27aa6447ec4c873f8374b3/w/56c913982d8cb3d04621cf5a/e/c0ad1db416a8da109fe76208,TRUE,Steel,0.778 lb,,1,,FALSE,,
239,Arm Plate,1538-25-P-0518,FALSE,FALSE,,TRUE,Polycarbonate,0.108 lb,,4,,FALSE,,
270,Claw Back PC Plate,1538-25-P-0517,FALSE,FALSE,,TRUE,Polycarbonate,0.077 lb,,1,,FALSE,,
265,Claw Pivot Shaft,1538-25-P-0516,FALSE,TRUE,https://cad.onshape.com/documents/aff63309f149caeb2a1bc998/w/2c7b5f31f501d94ac6ff1b5a/e/0a1d60b76271f3aad4c52d6a,FALSE,Aluminum - 7075,0.057 lb,,1,,FALSE,,
263,Random Claw Standoff,1538-25-P-0515,FALSE,TRUE,https://cad.onshape.com/documents/145c42b3f0c8c6b072396609/w/b63224c75e347128ee2d9b59/e/ecd9cc4dbd1de3708eacf575,FALSE,Delrin,0.01 lb,,1,,FALSE,,
264,Random Claw Standoff,1538-25-P-0514,FALSE,TRUE,https://cad.onshape.com/documents/145c42b3f0c8c6b072396609/w/b63224c75e347128ee2d9b59/e/87461c5ca087442a7cf8d103,FALSE,Delrin,0.033 lb,,1,,FALSE,1/29/25,
268,Dougnut,1538-25-P-0513,FALSE,FALSE,,TRUE,Polycarbonate,0.018 lb,,1,,FALSE,,
261,Long Random Claw Standoff,1538-25-P-0512,FALSE,TRUE,https://cad.onshape.com/documents/145c42b3f0c8c6b072396609/w/b63224c75e347128ee2d9b59/e/aa18022e7d49ee978a3814f4,TRUE,Aluminum - 6061,0.07 lb,,4,,FALSE,,
256,Pully Cover Plate,1538-25-P-0511,FALSE,FALSE,,TRUE,Polycarbonate,0.112 lb,,1,,FALSE,,
255,Short Claw Pully Guard Standoff 2,1538-25-P-0510,FALSE,FALSE,https://cad.onshape.com/documents/aff63309f149caeb2a1bc998/w/2c7b5f31f501d94ac6ff1b5a/e/308c3d54ffa4f0d6169108de,TRUE,Aluminum - 6061,0.007 lb,,2,,FALSE,,
254,Short Claw Pully Guard Standoff,1538-25-P-0509,FALSE,TRUE,https://cad.onshape.com/documents/aff63309f149caeb2a1bc998/w/2c7b5f31f501d94ac6ff1b5a/e/6cb4cf24137daa639aba4c4e,TRUE,Aluminum - 6061,0.007 lb,,3,,FALSE,,
251,Short Claw Standoff,1538-25-P-0508,FALSE,TRUE,https://cad.onshape.com/documents/aff63309f149caeb2a1bc998/w/2c7b5f31f501d94ac6ff1b5a/e/9dce6185e329153c0ba998d4,FALSE,Aluminum - 6061,0.01 lb,,1,,FALSE,,
249,"1/2"" ThunderHex (1.913 in)",1538-25-P-0507,FALSE,TRUE,https://cad.onshape.com/documents/aff63309f149caeb2a1bc998/w/2c7b5f31f501d94ac6ff1b5a/e/ee0a7b9b73988453bcb9b36a,FALSE,Aluminum - 7075,0.038 lb,,2,,FALSE,,
247,"1/2"" ThunderHex (7.068 in)",1538-25-P-0506,FALSE,TRUE,https://cad.onshape.com/documents/aff63309f149caeb2a1bc998/w/2c7b5f31f501d94ac6ff1b5a/e/181bce2cdfc6909a9a42211a,FALSE,Aluminum - 7075,0.133 lb,,2,,FALSE,,
245,Claw Standoff,1538-25-P-0505,FALSE,TRUE,https://cad.onshape.com/documents/aff63309f149caeb2a1bc998/w/2c7b5f31f501d94ac6ff1b5a/e/a72cbacd6d63cdcc7cc5a0cf,FALSE,Aluminum - 6061,0.033 lb,,1,,FALSE,1/29/25,
242,"1/2"" ThunderHex (5.269 in)",1538-25-P-0504,FALSE,TRUE,https://cad.onshape.com/documents/aff63309f149caeb2a1bc998/w/2c7b5f31f501d94ac6ff1b5a/e/f28d8d04d77c5e473b246995,FALSE,Aluminum - 7075,0.1 lb,,2,,FALSE,,
241,Wrist Plate,1538-25-P-0503,FALSE,FALSE,,TRUE,Polycarbonate,0.095 lb,,2,,FALSE,,
240,Wrist Plate Block,1538-25-P-0502,FALSE,FALSE,https://cad.onshape.com/documents/aff63309f149caeb2a1bc998/w/2c7b5f31f501d94ac6ff1b5a/e/6fb86ca4c92b56146d64d179,TRUE,Acetal (Delrin),0.048 lb,,2,,FALSE,,
244,Top Plate,1538-25-P-0501,FALSE,FALSE,,TRUE,Polycarbonate,0.26 lb,,2,,FALSE,,
182,Wrist Part Flat Standoff,1538-25-P-0416,FALSE,TRUE,0400 - Claw Gearbox | Drawing 1,FALSE,Aluminum - 6061,0.014 lb,,1,,FALSE,,
183,Wrist Small Plate(No drawing on onshape),1538-25-P-0415,FALSE,TRUE,,FALSE,Aluminum - 6061,0.074 lb,,1,,FALSE,,
185,Wrist Small Gearbox,1538-25-P-0414,FALSE,FALSE,https://cad.onshape.com/documents/e5175ace5bc1d69001e228a9/w/c54badccc5ba687fb05548a9/e/2528a07eeff3f37781950562,TRUE,Aluminum - 6061,0.006 lb,,4,,FALSE,,
186,28t Gear Cover,1538-25-P-0413,FALSE,FALSE,,TRUE,Polycarbonate,0.043 lb,,1,,FALSE,,
191,"1/2"" ThunderHex (3.96 in)",1538-25-P-0412,FALSE,TRUE,https://cad.onshape.com/documents/e5175ace5bc1d69001e228a9/w/c54badccc5ba687fb05548a9/e/e7b91f61a118381f97c6c49a,FALSE,Aluminum - 7075,0.076 lb,,2,,FALSE,,
190,"1/2"" ThunderHex (1.651 in)",1538-25-P-0411,FALSE,TRUE,https://cad.onshape.com/documents/e5175ace5bc1d69001e228a9/w/c54badccc5ba687fb05548a9/e/43d0b74169447af22a8f11e0,TRUE,Aluminum - 7075,0.034 lb,,1,,FALSE,,
187,Wrist Medium Plate,1538-25-P-0410,FALSE,TRUE,,TRUE,Aluminum - 6061,0.13 lb,,1,,FALSE,,
188,Wrist Medium Standoff,1538-25-P-0409,FALSE,TRUE,https://cad.onshape.com/documents/e5175ace5bc1d69001e228a9/w/c54badccc5ba687fb05548a9/e/79e649b4ff4c0be9ca8a54c6,TRUE,Aluminum - 6061,0.009 lb,,2,,FALSE,,
192,Tapped Part Flat Standoff,1538-25-P-0408,FALSE,FALSE,0400 - Claw Gearbox | Tapped Part Flat Standoff Drawing 1,TRUE,Aluminum - 6061,0.016 lb,,1,,FALSE,,
194,Main Standoff,1538-25-P-0407,FALSE,TRUE,https://cad.onshape.com/documents/e5175ace5bc1d69001e228a9/w/c54badccc5ba687fb05548a9/e/86f244bb4963e9469e99961e,TRUE,Aluminum - 6061,0.012 lb,,2,,FALSE,,
199,IGUS Mount,1538-25-P-0406,FALSE,FALSE,,TRUE,Nylon ,0.08 lb,,1,,FALSE,,
200,Hardstop Catch Block,1538-25-P-0405,FALSE,FALSE,,TRUE,Acetal (Delrin),0 lb,,1,,FALSE,,Printed
201,Hardstop Catch Sheet Bent,1538-25-P-0404,FALSE,FALSE,,TRUE,Polycarbonate,0.077 lb,,1,,FALSE,,Printed
204,Hardstop Catch Support Plate,1538-25-P-0403,FALSE,FALSE,,TRUE,Polycarbonate,0.048 lb,,1,,FALSE,,
205,Wire Tube,1538-25-P-0402,FALSE,TRUE,https://cad.onshape.com/documents/e5175ace5bc1d69001e228a9/w/c54badccc5ba687fb05548a9/e/2eb9c5163922390efb146641,FALSE,Acetal (Delrin),0.041 lb,,1,,FALSE,,
197,Main Wrist Plate,1538-25-P-0401,FALSE,TRUE,,TRUE,Aluminum - 6061,0.191 lb,,1,,FALSE,,
156,Gearbox Standoff,1538-25-P-0327,FALSE,TRUE,https://cad.onshape.com/documents/0c7706b60b3b0b9913458f28/w/dd6b5dc7039e065922c660c9/e/a56a40540647c72b40378bca,FALSE,Aluminum - 7075,0.117 lb,West Coast Products,1,,FALSE,,
126,Small Hardstop,1538-25-P-0326,FALSE,FALSE,https://cad.onshape.com/documents/0c7706b60b3b0b9913458f28/w/dd6b5dc7039e065922c660c9/e/87ccc430e20f31779e103228,TRUE,Nylon ,0.006 lb,,2,,FALSE,,
125,Large Hardstop,1538-25-P-0325,FALSE,FALSE,https://cad.onshape.com/documents/0c7706b60b3b0b9913458f28/w/dd6b5dc7039e065922c660c9/e/74fd65c6cdf4aad6f834950d,TRUE,Nylon ,0.008 lb,,2,,FALSE,,
129,Small Telescope Pully,1538-25-P-0324,FALSE,TRUE,https://cad.onshape.com/documents/0c7706b60b3b0b9913458f28/w/dd6b5dc7039e065922c660c9/e/45a0a82d8d287492f504b2e7,FALSE,Acetal (Delrin),0.012 lb,,1,,FALSE,,
127,Large Telescope Pully,1538-25-P-0322,FALSE,TRUE,0300 - Telescope | Large Telescope Pully Drawing 3,FALSE,Acetal (Delrin),0.028 lb,,1,,FALSE,1/29/25,
133,Two Size Spool,1538-25-P-0321,FALSE,TRUE,https://cad.onshape.com/documents/0c7706b60b3b0b9913458f28/w/772ff2f720b799a1678274b2/e/0604118d45d7d017730a56af,FALSE,Acetal (Delrin),0.268 lb,,1,,FALSE,,
155,Wire PC Thing(DON'T DO),1538-25-P-0320,FALSE,FALSE,https://cad.onshape.com/documents/0c7706b60b3b0b9913458f28/w/dd6b5dc7039e065922c660c9/e/dee6730b950613af992b935f,FALSE,Polycarbonate,0.017 lb,,1,,FALSE,,
165,Long Pivot Spacer,1538-25-P-0319,FALSE,TRUE,https://cad.onshape.com/documents/0c7706b60b3b0b9913458f28/w/dd6b5dc7039e065922c660c9/e/8facca2011f1138958a18c6d,FALSE,Nylon ,0.008 lb,,1,,FALSE,,
163,Sleeve,1538-25-P-0318,FALSE,TRUE,https://cad.onshape.com/documents/0c7706b60b3b0b9913458f28/w/dd6b5dc7039e065922c660c9/e/732b81f39bb5dbbf60f17d04,FALSE,Nylon ,0.01 lb,,1,,FALSE,,
157,Pivot Spacer,1538-25-P-0317,FALSE,TRUE,https://cad.onshape.com/documents/0c7706b60b3b0b9913458f28/w/dd6b5dc7039e065922c660c9/e/ca427cf2ea8fa6773f90b3ff,FALSE,Nylon ,0.005 lb,,1,,FALSE,,
153,Harold,1538-25-P-0316,FALSE,FALSE,,FALSE,Polycarbonate,0.05 lb,,1,,FALSE,,
143,Motor Standoff,1538-25-P-0315,FALSE,TRUE,https://cad.onshape.com/documents/0c7706b60b3b0b9913458f28/w/dd6b5dc7039e065922c660c9/e/b04f40e340aed92a8badb691,FALSE,Aluminum - 6061,0.005 lb,,4,,FALSE,,
140,Gearbox Standoff,1538-25-P-0314,FALSE,TRUE,0300 - Telescope | Gearbox Standoff Drawing 1,TRUE,Aluminum - 6061,0.029 lb,,4,,FALSE,,
132,Gearbox Shaft,1538-25-P-0313,FALSE,TRUE,0300 - Telescope | Gearbox Shaft Drawing 1,TRUE,7075 Aluminum,0.07 lb,,2,,FALSE,,
139,Custom Nutstrip,1538-25-P-0312,FALSE,TRUE,https://cad.onshape.com/documents/0c7706b60b3b0b9913458f28/w/dd6b5dc7039e065922c660c9/e/b924f1574dd0e9a27c4f481e,FALSE,Acetal (Delrin),0.028 lb,,2,,FALSE,,
131,No Motor Gearbox Plate,1538-25-P-0311,FALSE,TRUE,,TRUE,Aluminum - 6061,0.26 lb,,1,,TRUE,,
130,Motor Gearbox Plate,1538-25-P-0310,FALSE,TRUE,,TRUE,Aluminum - 6061,0.323 lb,,1,,FALSE,1/29/25,
123,Stationary Stage,1538-25-P-0309,FALSE,TRUE,https://cad.onshape.com/documents/0c7706b60b3b0b9913458f28/w/dd6b5dc7039e065922c660c9/e/273df0bfb81833c40d9b8979,FALSE,Aluminum - 6061,1.651 lb,,1,,FALSE,,
137,Pivot Shaft,1538-25-P-0309,FALSE,TRUE,0300 - Telescope | Pivot Shaft,FALSE,Aluminum - 7075,0.091 lb,,1,,FALSE,,
138,Pivot C-Block(No drawing on onshape),1538-25-P-0308,FALSE,TRUE,,FALSE,Aluminum - 7075,0.34 lb,,1,,FALSE,,
136,Pivot Standoff,1538-25-P-0307,FALSE,TRUE,https://cad.onshape.com/documents/0c7706b60b3b0b9913458f28/w/dd6b5dc7039e065922c660c9/e/5e5ed2b652989a766caf89b1,FALSE,Aluminum - 6061,0.013 lb,,4,,FALSE,,
134,Encoder Pivot Shaft,1538-25-P-0306,FALSE,TRUE,https://cad.onshape.com/documents/0c7706b60b3b0b9913458f28/w/dd6b5dc7039e065922c660c9/e/47bb97b5fae0fc2eca12bcaf,FALSE,Aluminum - 7075,0.088 lb,,1,,FALSE,,
135,Sprocket Pivot C-Block(No drawing on onshape),1538-25-P-0305,FALSE,TRUE,,FALSE,Aluminum - 7075,0.492 lb,,1,,FALSE,,
120,Last Stage,1538-25-P-0304,FALSE,TRUE,https://cad.onshape.com/documents/0c7706b60b3b0b9913458f28/w/dd6b5dc7039e065922c660c9/e/a60056c5073c1184d1796771,TRUE,Aluminum - 6061,0.998 lb,,1,,FALSE,,
128,Medium Telescope Pully,1538-25-P-0303,FALSE,TRUE,https://cad.onshape.com/documents/0c7706b60b3b0b9913458f28/w/dd6b5dc7039e065922c660c9/e/70a3672ce5cc7a56d1b851b1,TRUE,Acetal (Delrin),0.02 lb,,1,,FALSE,1/29/25,
121,Second Stage,1538-25-P-0303,FALSE,TRUE,https://cad.onshape.com/documents/0c7706b60b3b0b9913458f28/w/dd6b5dc7039e065922c660c9/e/0973d1a41b13885d99b2e1c1,TRUE,Aluminum - 6061,0.768 lb,,1,,FALSE,1/29/25,
122,First Stage,1538-25-P-0302,FALSE,TRUE,0300 - Telescope | First Stage Drawing 1,FALSE,Aluminum - 6061,1.578 lb,,1,,FALSE,,
77,Algae Mount Tube,1538-25-P-0219,FALSE,TRUE,https://cad.onshape.com/documents/e768ed5a226802b502389aac/w/e18f4a708b720d93196888a6/e/51df5bf0c653dafb44eb6da2,FALSE,Aluminum - 6061,0.25 lb,,2,,FALSE,,
75,No-climb Halo Block,1538-25-P-0218,TRUE,FALSE,,FALSE,Acetal (Delrin),0.057 lb,,1,,FALSE,,
74,No-climb Halo Plate,1538-25-P-0217,FALSE,TRUE,,TRUE,Aluminum - 6061,0.18 lb,,1,,TRUE,1/29/25,
73,No-climb Halo Cuttout Plate,1538-25-P-0216,FALSE,TRUE,,TRUE,Aluminum - 6061,0.16 lb,,1,,FALSE,,
72,Pivot C-Block(No drawing on onshape),1538-25-P-0215,FALSE,TRUE,,FALSE,Acetal (Delrin),0.059 lb,,1,,FALSE,,
79,Climber Pivot Plate,1538-25-P-0214,FALSE,TRUE,,TRUE,Aluminum - 6061,0.822 lb,,1,,FALSE,,
70,Hole Climber Pivot Plate,1538-25-P-0213,FALSE,TRUE,,TRUE,Aluminum - 6061,0.795 lb,,1,,FALSE,,
69,"1/2"" Hex (2.097 in)",1538-25-P-0212,FALSE,TRUE,https://cad.onshape.com/documents/e768ed5a226802b502389aac/w/e18f4a708b720d93196888a6/e/ae512968bca354d52e847d62,FALSE,Steel,0.137 lb,,1,,FALSE,,
67,"1/2"" ThunderHex (1.656 in)",1538-25-P-0211,FALSE,TRUE,https://cad.onshape.com/documents/e768ed5a226802b502389aac/w/e18f4a708b720d93196888a6/e/11da2d3ac43b53d0549ab2e0,TRUE,7075 Aluminum,0.034 lb,,1,,FALSE,,
65,O Block(Plz export mine isnt working),1538-25-P-0208,FALSE,TRUE,https://cad.onshape.com/documents/e768ed5a226802b502389aac/w/e18f4a708b720d93196888a6/e/83764f86cbd57e7867d97260,FALSE,Aluminum - 6061,0.2 lb,,2,,TRUE,,
64,Foot,1538-25-P-0207,FALSE,TRUE,https://cad.onshape.com/documents/e768ed5a226802b502389aac/w/e18f4a708b720d93196888a6/e/1dcd216ef4b7757467bdfcd7,TRUE,Aluminum - 6061,0.114 lb,,4,,FALSE,1/29/25,
71,Top Gusset,1538-25-P-0206,FALSE,TRUE,,TRUE,Aluminum - 6061,0.164 lb,,4,,TRUE,,
68,Gearbox Plate,1538-25-P-0205,FALSE,TRUE,,TRUE,Aluminum - 6061,0.499 lb,,1,,FALSE,,
76,"Tube 2""x1""x17.479""",1538-25-P-0205,FALSE,TRUE,https://cad.onshape.com/documents/e768ed5a226802b502389aac/w/e18f4a708b720d93196888a6/e/946dba7fc425305ba157157d,FALSE,Aluminum - 6061,0.801 lb,,1,,FALSE,,
63,"Climber Pivot Tube 2""x1""x19.94""",1538-25-P-0204,FALSE,TRUE,https://cad.onshape.com/documents/e768ed5a226802b502389aac/w/e18f4a708b720d93196888a6/e/12f3555fcbab5b8915d0b4d9,TRUE,Aluminum - 6061,1.119 lb,,1,,FALSE,,
66,Threaded Gearbox Plate,1538-25-P-0204,FALSE,TRUE,,TRUE,Aluminum - 6061,0.499 lb,,1,,FALSE,,
62,"Support Tube 2""x1""x18.026""",1538-25-P-0203,FALSE,TRUE,https://cad.onshape.com/documents/e768ed5a226802b502389aac/w/e18f4a708b720d93196888a6/e/9fdce0d03fd83b73c91f227c,FALSE,Aluminum - 6061,0.837 lb,,1,,FALSE,,
61,"Pivot Gearbox Tube 2""x1""x19.94""",1538-25-P-0202,TRUE,FALSE,https://cad.onshape.com/documents/e768ed5a226802b502389aac/w/e18f4a708b720d93196888a6/e/06269548b8295f413bb52991,FALSE,Aluminum - 6061,1.048 lb,,1,,FALSE,,
103,Encoder Mount,1538-25-P-0122,FALSE,TRUE,,FALSE,3D Printed ONYX,0.005 lb,,1,,FALSE,,
106,Back Cover,1538-25-P-0121,FALSE,FALSE,,FALSE,3D Printed ONYX,0.032 lb,,1,,FALSE,,
19,Tube Nut Tube,1538-25-P-0120,FALSE,TRUE,https://cad.onshape.com/documents/47faaccfdb6ddc6a8f5e2b56/w/63c2cba495be1523976a6139/e/1c30615d3e480c7d5ffeb521,FALSE,Aluminum - 6061,0.029 lb,,1,,FALSE,,
18,Drive Rail .5 Spacer,1538-25-P-0119,FALSE,TRUE,https://cad.onshape.com/documents/47faaccfdb6ddc6a8f5e2b56/w/63c2cba495be1523976a6139/e/1d93b46026a18432b776d95e,TRUE,Aluminum - 6061,0.012 lb,,6,,FALSE,,
17,Tube Plug,1538-25-P-0118,FALSE,TRUE,0100 - Drive Base | Tube Plug,FALSE,Acetal (Delrin),0.048 lb,,2,,FALSE,,
14,Spool,1538-25-P-0117,FALSE,TRUE,https://cad.onshape.com/documents/47faaccfdb6ddc6a8f5e2b56/w/63c2cba495be1523976a6139/e/1f807f8064bd526e3d982569,FALSE,Aluminum - 6061,0.206 lb,,1,,FALSE,,
13,"1/2"" Hex (8.625 in)",1538-25-P-0116,FALSE,TRUE,https://cad.onshape.com/documents/47faaccfdb6ddc6a8f5e2b56/w/63c2cba495be1523976a6139/e/175d27986d6b47d6226b6328,FALSE,7075 Aluminum,0.193 lb,,1,,FALSE,,
12,T Gusset,1538-25-P-0115,FALSE,TRUE,,TRUE,Aluminum - 6061,0.069 lb,,2,,TRUE,,
11,Spring Pully Shaft,1538-25-P-0114,FALSE,TRUE,0100 - Drive Base | Spring Pully Shaft,TRUE,Aluminum - 7075,0.168 lb,,1,,FALSE,,
9,Non-Climb Side Side Gusset,1538-25-P-0113,FALSE,TRUE,,TRUE,Aluminum - 6061,0.04 lb,,1,,TRUE,,
8,Triangle Gusset,1538-25-P-0112,FALSE,TRUE,,TRUE,Aluminum - 6061,0.089 lb,,3,,TRUE,,
7,L Gusset,1538-25-P-0111,FALSE,TRUE,,TRUE,Aluminum - 6061,0.07 lb,,1,,TRUE,,
16,Gusset Clearance Climber Plate,1538-25-P-0110,FALSE,TRUE,,TRUE,Aluminum - 6061,0.627 lb,,1,,FALSE,,
15,Climber Plate,1538-25-P-0109,FALSE,TRUE,,TRUE,Aluminum - 6061,0.65 lb,,1,,FALSE,,
6,T Gusset Strong,1538-25-P-0108,FALSE,TRUE,,TRUE,Aluminum - 6061,0.084 lb,,2,,TRUE,,
5,"Tube 1""x1""x5.339""",1538-25-P-0107,FALSE,TRUE,https://cad.onshape.com/documents/47faaccfdb6ddc6a8f5e2b56/w/63c2cba495be1523976a6139/e/98a4317ea483da05df5ebda1,FALSE,Aluminum - 6061,0.222 lb,,2,,FALSE,,
4,"Tube 1""x1""x19.027""",1538-25-P-0106,FALSE,TRUE,https://cad.onshape.com/documents/47faaccfdb6ddc6a8f5e2b56/w/63c2cba495be1523976a6139/e/aed1ffe892ae246d7818dde7,FALSE,Aluminum - 6061,0.68 lb,,1,,FALSE,,
3,"Tube 1""x1""x8""",1538-25-P-0105,FALSE,TRUE,"0100 - Drive Base | Tube 1""x1""x8""",FALSE,Aluminum - 6061,0.268 lb,,3,,FALSE,1/29/25,
10,Electronics Plate,1538-25-P-0104,FALSE,TRUE,,TRUE,Aluminum - 6061,1.547 lb,,1,,TRUE,,
2,Bumper Drive Rail,1538-25-P-0103,FALSE,TRUE,https://cad.onshape.com/documents/47faaccfdb6ddc6a8f5e2b56/w/63c2cba495be1523976a6139/e/7a5bac1dd968ff290d8e93f5,TRUE,Aluminum - 6061,1.024 lb,,2,,TRUE,,
1,Drive Rail,1538-25-P-0102,FALSE,TRUE,https://cad.onshape.com/documents/47faaccfdb6ddc6a8f5e2b56/w/63c2cba495be1523976a6139/e/f3e605a5373c45c1c5375fb7,TRUE,Aluminum - 6061,0.531 lb,,2,,FALSE,,
25,Pneumatic Control Module (PCM),14-806777,,FALSE,,FALSE,- None -,0.138 lb,CTR Electronics,1,,TRUE,,
260,BaneBots_Hub,*InStock,FALSE,TRUE,,FALSE,- None -,No value,,4,,TRUE,,
189,"Spacer (Configurable) 1/2"" Hex 0.5""",*InStock,FALSE,FALSE,,FALSE,3D Printed,0 lb,,1,,TRUE,,
234,Versa Hub,*InStock,FALSE,FALSE,,FALSE,Aluminum - 6061,0.033 lb,,2,,FALSE,,
45,"Spacer (Configurable) 1/2"" Hex 0.5""",*InStock,FALSE,FALSE,,FALSE,Nylon,0 lb,,2,,TRUE,,
46,"Spacer (Configurable) 1/2"" Hex 0.75""",*InStock,FALSE,FALSE,,FALSE,Nylon,0.001 lb,,1,,TRUE,,
47,"Spacer (Configurable) 1/2"" Hex 1""",*InStock,FALSE,FALSE,,FALSE,Nylon,0 lb,,1,,TRUE,,
48,"Spacer (Configurable) 1/2"" Hex 0.25""",*InStock,FALSE,FALSE,,FALSE,Nylon,0 lb,,1,,TRUE,,
196,"Nylon Spacer 0.375"" OD 0.325"" ID 0.5""",*InStock,FALSE,FALSE,,FALSE,Nylon ,0.001 lb,,1,,TRUE,,
118,Nylon Spacer BARB,*InStock,FALSE,FALSE,,FALSE,Nylon ,0.002 lb,,2,,FALSE,,
119,Nylon Spacer BARB,*InStock,FALSE,FALSE,,FALSE,Nylon ,0.001 lb,,2,,FALSE,,
232,112 links #25 chain,*InStock,FALSE,FALSE,https://www.mcmaster.com/6261K171/,FALSE,Roller Chain,0.402 lb,,2,,FALSE,,
93,Socket button head cap screw #10-32 x 1.5,*InStock,FALSE,FALSE,"Button Head Hex Drive Screw, Black-Oxide Alloy Steel, 10-32 Thread, 1-1/2"" Long | McMaster-Carr",FALSE,Stainless Steel,0.014 lb,,4,14,FALSE,,
39,Socket button head cap screw #10-32 x 2.5,*InStock,FALSE,FALSE,"Button Head Hex Drive Screw, Black-Oxide Alloy Steel, 10-32 Thread, 2-1/2"" Long | McMaster-Carr",FALSE,Stainless Steel,0.022 lb,,5,,FALSE,,
54,Socket head cap screw 1/4-20 x 2,*InStock,FALSE,FALSE,https://www.mcmaster.com/91251A550/,FALSE,Stainless Steel,0.034 lb,,6,,FALSE,,
208,Socket countersunk head cap screw #10-32 x 1.75,*InStock,FALSE,TRUE,https://www.mcmaster.com/91253A016/,FALSE,Stainless Steel,0.015 lb,,1,,FALSE,,
113,Barb Body,*Ignore,FALSE,FALSE,,FALSE,Polycarbonate,0.225 lb,,2,,FALSE,,
114,Barb Finger,*Ignore,FALSE,FALSE,,FALSE,Polycarbonate,0.097 lb,,4,,FALSE,,
193,"Spacer (Configurable) 1/2"" Hex 0.464""",*3DP,FALSE,FALSE,,FALSE,3D Printed,0 lb,,1,,FALSE,,
206,IGUS-Tube Connection,*3DP,FALSE,FALSE,,FALSE,ABS,0.032 lb,,1,,FALSE,,
124,GreyT Telescope Hardstop (WCP-0502),* 3DP,FALSE,FALSE,,FALSE,6061-T6 Aluminum,0.022 lb,,2,,FALSE,,